{
    "France Square 1. Code:1" : [40.187821, 44.514453],
    "France square 2. Code:2" : [40.187891, 44.515820],
    "France square 3. Code:3" : [40.1876707, 44.5160554],
    "Mesrop Mashtots 1. Code:4" : [40.184753, 44.512428],
    "Mesrop Mashtots 2. Code:5" : [40.1847592, 44.5119651],
    "Mesrop Mashtots 3. Code:6" : [40.1813081,44.507997],
    "Mesrop Mashtots 4. Code:7" : [40.1813081,44.507997],
    "Mesrop Mashtots 5. Code:8" : [40.1787796,44.5050988],
    "Mesrop Mashtots 6. Code:9" : [40.1783644,44.5048064],
    "Kaskad. Code:10" : [40.1881197,44.5154458],
    "Central bus station. Code:11" : [40.1725216, 44.4732186],
    "Baghramyan. Code:12" : [40.192003, 44.505178]
    }